customer_id,name,email,phone,age,balance,country,signup_date,status
1,Customer 1,user1@example.com,+971-56-535-1860,42,3262.7,UAE,2024-01-01,active
2,Customer 2,user2@example.com,+971-57-800-6734,65,4782.21,UAE,2024-01-01,inactive
3,Customer 3,user3@example.com,+971-52-314-5426,18,1995.06,UAE,2024-01-01,active
4,Customer 4,user4@example.com,+971-57-472-9322,70,3176.11,,2024-01-01,inactive
5,Customer 5,user5@example.com,+971-55-408-1769,63,6818.34,US,2024-01-01,
6,Customer 6,user6@example.com,+971-57-591-7949,32,10272.1,DE,2024-01-01,inactive
7,Customer 7,user7@example.com,+971-51-291-6051,26,2842.76,US,2024-01-02,suspended
8,Customer 8,user8@example.com,+971-54-260-5555,32,223.22,UAE,2024-01-02,active
9,Customer 9,user9@example.com,+971-55-352-9666,66,881.73,US,2024-01-02,inactive
10,Customer 10,user10@example.com,+971-52-975-8734,74,105.41,UAE,2024-01-02,suspended
11,Customer 11,user11@example.com,+971-53-931-2528,41,5295.94,US,2024-01-02,active
12,Customer 12,user12@example.com,+971-52-584-4890,21,2019.69,,2024-01-02,suspended
13,Customer 13,user13@example.com,+971-56-120-6393,29,3909.66,UK,2024-01-03,active
14,Customer 14,user14@example.com,+971-53-700-9433,76,3398.95,UK,2024-01-03,inactive
15,Customer 15,user15@example.com,invalid,75,425.21,UAE,2024-01-03,suspended
16,Customer 16,user16@example.com,+971-58-445-3612,54,2581.38,UAE,2024-01-03,inactive
17,Customer 17,user17@example.com,+971-51-439-7235,78,1245.91,UAE,2024-01-03,active
18,Customer 18,user18@example.com,+971-56-527-1775,54,2709.86,UK,2024-01-03,active
19,Customer 19,user19@example.com,+971-52-305-4152,60,1138.13,UAE,2024-01-04,active
20,Customer 20,,+971-53-661-4943,77,9177.07,US,2024-01-04,
21,Customer 21,user21@example.com,+971-53-101-2021,23,956.97,UK,2024-01-04,active
22,Customer 22,user22@example.com,+971-55-665-4843,56,16192.91,US,2024-01-04,active
23,Customer 23,user23@example.com,+971-55-576-7873,73,2688.48,UAE,2024-01-04,inactive
24,Customer 24,user24@example.com,+971-51-301-1995,63,9361.98,UAE,2024-01-04,active
25,Customer 25,user25@example.com,+971-57-561-2016,41,4954.6,,2024-01-05,inactive
26,Customer 26,user26@example.com,+971-57-824-7863,28,6646.74,FR,2024-01-05,inactive
27,Customer 27,user27@example.com,+971-51-978-5887,79,7299.14,US,2024-01-05,suspended
28,Customer 28,user28@example.com,+971-58-863-7331,30,3514.42,UAE,2024-01-05,active
29,Customer 29,user29@example.com,+971-58-256-3062,51,3918.65,,2024-01-05,active
30,Customer 30,user30@example.com,invalid,-5,3607.69,FR,2024-01-05,active
31,Customer 31,user31@example.com,+971-50-956-9006,42,4434.37,US,2024-01-06,active
32,Customer 32,user32@example.com,+971-58-443-3027,24,149.18,DE,2024-01-06,active
33,Customer 33,user33@example.com,+971-57-571-6258,69,2516.89,UAE,2024-01-06,active
34,Customer 34,user34@example.com,+971-52-692-1391,21,4659.42,UK,2024-01-06,inactive
35,Customer 35,user35@example.com,+971-52-518-6892,76,4553.08,UK,2024-01-06,inactive
36,Customer 36,user36@example.com,+971-56-140-4099,25,7874.12,UAE,2024-01-06,active
37,Customer 37,user37@example.com,+971-56-300-4104,37,5321.19,,2024-01-07,suspended
38,Customer 38,user38@example.com,+971-56-506-9996,46,24225.59,FR,2024-01-07,
39,Customer 39,user39@example.com,+971-52-783-9154,71,1669.36,UK,2024-01-07,suspended
40,Customer 40,,+971-52-838-9110,70,2224.81,UAE,2024-01-07,inactive
41,Customer 41,user41@example.com,+971-52-868-2028,68,2421.3,UAE,2024-01-07,active
42,Customer 42,user42@example.com,+971-56-866-7938,62,3135.04,US,2024-01-07,active
43,Customer 43,user43@example.com,+971-58-306-6134,63,9039.39,FR,2024-01-08,active
44,Customer 44,user44@example.com,+971-52-674-1863,27,1344.58,UAE,2024-01-08,active
45,Customer 45,user45@example.com,invalid,60,7480.55,UK,2024-01-08,
46,Customer 46,user46@example.com,+971-56-340-9755,51,2598.58,FR,2024-01-08,suspended
47,Customer 47,user47@example.com,+971-53-833-8574,74,4604.7,UAE,2024-01-08,active
48,Customer 48,user48@example.com,+971-56-848-2678,43,5005.71,FR,2024-01-08,active
49,Customer 49,user49@example.com,+971-53-624-4157,58,2332.84,UAE,2024-01-09,suspended
50,Customer 50,user50@example.com,+971-51-781-3693,66,3593.51,,2024-01-09,active
51,Customer 51,user51@example.com,+971-53-897-6450,75,2663.92,US,2024-01-09,active
52,Customer 52,user52@example.com,+971-56-447-6592,20,358.19,UAE,2024-01-09,suspended
53,Customer 53,user53@example.com,+971-56-289-8392,73,2873.85,US,2024-01-09,active
54,Customer 54,user54@example.com,+971-50-476-2306,23,512.34,US,2024-01-09,active
55,Customer 55,user55@example.com,+971-58-727-6864,22,2596.14,FR,2024-01-10,active
56,Customer 56,user56@example.com,+971-52-458-9901,22,4493.71,FR,2024-01-10,suspended
57,Customer 57,user57@example.com,+971-57-510-5413,71,4330.54,UK,2024-01-10,active
58,Customer 58,user58@example.com,+971-54-324-1663,64,5432.75,UAE,2024-01-10,active
59,Customer 59,user59@example.com,+971-55-771-2495,40,500.55,UAE,2024-01-10,active
60,Customer 60,,invalid,-5,5279.54,UAE,2024-01-10,active
61,Customer 61,user61@example.com,+971-58-791-6232,66,1870.91,UK,2024-01-11,active
62,Customer 62,user62@example.com,+971-50-541-2291,26,2546.18,DE,2024-01-11,inactive
63,Customer 63,user63@example.com,+971-56-485-8554,52,9759.16,US,2024-01-11,active
64,Customer 64,user64@example.com,+971-50-712-4696,37,45.36,UAE,2024-01-11,suspended
65,Customer 65,user65@example.com,+971-57-180-1698,75,4438.67,UK,2024-01-11,active
66,Customer 66,user66@example.com,+971-50-101-5737,66,4565.4,DE,2024-01-11,active
67,Customer 67,user67@example.com,+971-55-954-9164,78,2526.37,FR,2024-01-12,active
68,Customer 68,user68@example.com,+971-50-484-6249,76,1352.67,DE,2024-01-12,active
69,Customer 69,user69@example.com,+971-54-783-6791,59,1337.27,UAE,2024-01-12,active
70,Customer 70,user70@example.com,+971-55-515-5931,52,10758.33,UAE,2024-01-12,active
71,Customer 71,user71@example.com,+971-56-302-5218,67,2917.2,DE,2024-01-12,active
72,Customer 72,user72@example.com,+971-50-866-5389,35,2009.03,FR,2024-01-12,inactive
73,Customer 73,user73@example.com,+971-57-936-3931,79,2978.08,US,2024-01-13,active
74,Customer 74,user74@example.com,+971-51-297-8125,34,5534.09,FR,2024-01-13,inactive
75,Customer 75,user75@example.com,invalid,41,787.7,DE,2024-01-13,
76,Customer 76,user76@example.com,+971-50-300-5282,20,2984.04,UK,2024-01-13,active
77,Customer 77,user77@example.com,+971-55-563-1659,49,4432.26,FR,2024-01-13,active
78,Customer 78,user78@example.com,+971-53-502-2986,52,14838.97,US,2024-01-13,active
79,Customer 79,user79@example.com,+971-52-247-3911,55,1455.29,UK,2024-01-14,active
80,Customer 80,,+971-56-919-9680,30,2225.59,UK,2024-01-14,active
81,Customer 81,user81@example.com,+971-50-739-7694,73,2385.01,DE,2024-01-14,inactive
82,Customer 82,user82@example.com,+971-51-971-5736,78,4651.16,DE,2024-01-14,active
83,Customer 83,user83@example.com,+971-58-572-6534,64,2205.97,DE,2024-01-14,active
84,Customer 84,user84@example.com,+971-52-362-7287,42,3812.61,UAE,2024-01-14,suspended
85,Customer 85,user85@example.com,+971-58-671-3049,26,7611.49,FR,2024-01-15,active
86,Customer 86,user86@example.com,+971-50-403-5548,21,6110.44,FR,2024-01-15,suspended
87,Customer 87,user87@example.com,+971-54-259-8158,31,2956.28,FR,2024-01-15,active
88,Customer 88,user88@example.com,+971-58-332-4170,54,9983.46,FR,2024-01-15,active
89,Customer 89,user89@example.com,+971-52-915-3255,51,4083.81,DE,2024-01-15,active
90,Customer 90,user90@example.com,invalid,-5,3881.62,US,2024-01-15,active
91,Customer 91,user91@example.com,+971-52-503-7295,28,173.93,UK,2024-01-16,
92,Customer 92,user92@example.com,+971-55-219-2648,58,21597.32,UAE,2024-01-16,active
93,Customer 93,user93@example.com,+971-57-519-5199,73,656.08,US,2024-01-16,
94,Customer 94,user94@example.com,+971-53-353-3557,20,1314.17,UK,2024-01-16,active
95,Customer 95,user95@example.com,+971-58-198-3200,76,265.41,FR,2024-01-16,active
96,Customer 96,user96@example.com,+971-51-995-5973,45,5108.3,UAE,2024-01-16,active
97,Customer 97,user97@example.com,+971-51-805-3869,46,1272.53,UAE,2024-01-17,active
98,Customer 98,user98@example.com,+971-52-819-1956,26,992.32,FR,2024-01-17,
99,Customer 99,user99@example.com,+971-58-260-6699,20,463.62,UAE,2024-01-17,active
100,Customer 100,,+971-50-497-5911,42,545.22,UAE,2024-01-17,active
101,Customer 101,user101@example.com,+971-53-603-7015,51,4393.42,UAE,2024-01-17,active
102,Customer 102,user102@example.com,+971-57-234-2218,29,5827.09,UAE,2024-01-17,active
103,Customer 103,user103@example.com,+971-50-739-5555,59,2532.33,UAE,2024-01-18,active
104,Customer 104,user104@example.com,+971-52-569-4446,26,3268.64,US,2024-01-18,active
105,Customer 105,user105@example.com,invalid,32,5791.3,US,2024-01-18,suspended
106,Customer 106,user106@example.com,+971-55-849-2693,57,87.66,DE,2024-01-18,active
107,Customer 107,user107@example.com,+971-55-329-4436,42,1951.39,UK,2024-01-18,active
108,Customer 108,user108@example.com,+971-52-537-6895,22,18077.73,FR,2024-01-18,active
109,Customer 109,user109@example.com,+971-51-376-5893,28,4338.84,UAE,2024-01-19,active
110,Customer 110,user110@example.com,+971-50-383-8022,76,1466.65,UAE,2024-01-19,
111,Customer 111,user111@example.com,+971-50-552-8996,51,3687.9,FR,2024-01-19,active
112,Customer 112,user112@example.com,+971-52-615-5642,41,2097.72,UAE,2024-01-19,active
113,Customer 113,user113@example.com,+971-50-611-9208,77,3799.05,US,2024-01-19,inactive
114,Customer 114,user114@example.com,+971-54-617-2060,32,671.9,UK,2024-01-19,active
115,Customer 115,user115@example.com,+971-57-448-1301,55,711.94,UK,2024-01-20,active
116,Customer 116,user116@example.com,+971-54-706-4170,25,774.75,UAE,2024-01-20,
117,Customer 117,user117@example.com,+971-50-215-1190,76,14052.06,US,2024-01-20,inactive
118,Customer 118,user118@example.com,+971-54-260-4327,22,6600.64,UK,2024-01-20,
119,Customer 119,user119@example.com,+971-52-227-2816,65,885.97,UAE,2024-01-20,active
120,Customer 120,,invalid,-5,1043.42,FR,2024-01-20,active
121,Customer 121,user121@example.com,+971-55-669-6442,43,6562.05,FR,2024-01-21,active
122,Customer 122,user122@example.com,+971-57-785-4863,35,848.98,,2024-01-21,active
123,Customer 123,user123@example.com,+971-51-387-5014,23,1336.53,UAE,2024-01-21,suspended
124,Customer 124,user124@example.com,+971-55-762-4009,54,16531.28,DE,2024-01-21,active
125,Customer 125,user125@example.com,+971-51-884-9096,77,1473.91,UK,2024-01-21,suspended
126,Customer 126,user126@example.com,+971-58-910-8343,65,5418.11,US,2024-01-21,inactive
127,Customer 127,user127@example.com,+971-56-576-6801,30,19229.14,UAE,2024-01-22,active
128,Customer 128,user128@example.com,+971-56-637-6986,45,2344.4,FR,2024-01-22,active
129,Customer 129,user129@example.com,+971-51-507-9716,22,88.36,UAE,2024-01-22,inactive
130,Customer 130,user130@example.com,+971-56-924-5780,30,1399.54,US,2024-01-22,active
131,Customer 131,user131@example.com,+971-53-420-7655,34,8885.65,UAE,2024-01-22,suspended
132,Customer 132,user132@example.com,+971-52-570-6919,67,9997.94,DE,2024-01-22,active
133,Customer 133,user133@example.com,+971-56-953-5146,57,7316.3,FR,2024-01-23,active
134,Customer 134,user134@example.com,+971-58-797-1574,62,600.17,FR,2024-01-23,active
135,Customer 135,user135@example.com,invalid,49,7936.19,UAE,2024-01-23,
136,Customer 136,user136@example.com,+971-55-413-8509,79,12546.68,UAE,2024-01-23,active
137,Customer 137,user137@example.com,+971-50-791-5777,46,4589.08,UK,2024-01-23,suspended
138,Customer 138,user138@example.com,+971-55-882-3491,68,14140.54,US,2024-01-23,active
139,Customer 139,user139@example.com,+971-54-363-4124,75,8767.66,UAE,2024-01-24,inactive
140,Customer 140,,+971-54-202-6315,20,5497.64,FR,2024-01-24,inactive
141,Customer 141,user141@example.com,+971-55-976-8027,73,4304.11,,2024-01-24,active
142,Customer 142,user142@example.com,+971-52-922-8079,57,2142.95,FR,2024-01-24,active
143,Customer 143,user143@example.com,+971-53-755-5465,51,867.53,FR,2024-01-24,inactive
144,Customer 144,user144@example.com,+971-52-756-9311,57,4643.76,,2024-01-24,active
145,Customer 145,user145@example.com,+971-52-703-6177,44,1914.45,UAE,2024-01-25,inactive
146,Customer 146,user146@example.com,+971-56-445-9932,30,10065.97,UK,2024-01-25,active
147,Customer 147,user147@example.com,+971-54-929-3838,62,25055.88,,2024-01-25,suspended
148,Customer 148,user148@example.com,+971-58-740-2081,50,6980.26,UAE,2024-01-25,inactive
149,Customer 149,user149@example.com,+971-50-850-8805,23,474.2,FR,2024-01-25,
150,Customer 150,user150@example.com,invalid,-5,1703.2,UK,2024-01-25,active
151,Customer 151,user151@example.com,+971-55-659-4672,41,577.67,UK,2024-01-26,active
152,Customer 152,user152@example.com,+971-57-336-4343,36,5256.43,FR,2024-01-26,active
153,Customer 153,user153@example.com,+971-56-803-1580,33,7244.91,,2024-01-26,active
154,Customer 154,user154@example.com,+971-55-960-9130,57,12996.53,FR,2024-01-26,active
155,Customer 155,user155@example.com,+971-52-185-3744,45,2882.8,UAE,2024-01-26,active
156,Customer 156,user156@example.com,+971-54-146-3141,50,11582.19,DE,2024-01-26,inactive
157,Customer 157,user157@example.com,+971-53-552-7617,76,10514.21,UAE,2024-01-27,active
158,Customer 158,user158@example.com,+971-54-650-8421,76,1907.74,US,2024-01-27,active
159,Customer 159,user159@example.com,+971-54-122-6881,65,10159.0,US,2024-01-27,inactive
160,Customer 160,,+971-55-936-3849,58,2355.4,US,2024-01-27,active
161,Customer 161,user161@example.com,+971-53-322-7905,30,1761.06,US,2024-01-27,active
162,Customer 162,user162@example.com,+971-52-541-5611,60,5235.91,,2024-01-27,
163,Customer 163,user163@example.com,+971-57-435-6878,62,1990.32,FR,2024-01-28,
164,Customer 164,user164@example.com,+971-51-596-7303,42,4974.08,UK,2024-01-28,active
165,Customer 165,user165@example.com,invalid,70,4705.89,UAE,2024-01-28,active
166,Customer 166,user166@example.com,+971-53-763-7833,59,4144.13,,2024-01-28,inactive
167,Customer 167,user167@example.com,+971-52-479-5000,53,2393.56,,2024-01-28,active
168,Customer 168,user168@example.com,+971-52-526-6732,44,3975.9,FR,2024-01-28,active
169,Customer 169,user169@example.com,+971-52-676-6536,55,4537.71,UAE,2024-01-29,active
170,Customer 170,user170@example.com,+971-57-941-2066,77,3944.84,UAE,2024-01-29,active
171,Customer 171,user171@example.com,+971-51-352-9945,24,2938.71,UAE,2024-01-29,active
172,Customer 172,user172@example.com,+971-52-826-9967,22,73.88,UAE,2024-01-29,active
173,Customer 173,user173@example.com,+971-51-214-9808,60,4422.29,US,2024-01-29,inactive
174,Customer 174,user174@example.com,+971-56-295-1825,62,922.29,,2024-01-29,
175,Customer 175,user175@example.com,+971-54-725-1412,75,5144.16,US,2024-01-30,active
176,Customer 176,user176@example.com,+971-57-519-1728,74,7121.94,UAE,2024-01-30,inactive
177,Customer 177,user177@example.com,+971-54-860-9867,68,3470.19,UAE,2024-01-30,suspended
178,Customer 178,user178@example.com,+971-54-556-3967,48,3908.4,UAE,2024-01-30,active
179,Customer 179,user179@example.com,+971-52-788-2122,40,15128.75,UAE,2024-01-30,active
180,Customer 180,,invalid,-5,9392.06,UAE,2024-01-30,inactive
181,Customer 181,user181@example.com,+971-53-195-7806,59,12280.81,UAE,2024-01-31,active
182,Customer 182,user182@example.com,+971-54-879-4440,27,8403.76,FR,2024-01-31,suspended
183,Customer 183,user183@example.com,+971-56-624-3914,49,576.6,,2024-01-31,active
184,Customer 184,user184@example.com,+971-58-897-9787,60,806.67,US,2024-01-31,
185,Customer 185,user185@example.com,+971-58-441-5492,70,3739.32,US,2024-01-31,active
186,Customer 186,user186@example.com,+971-52-276-1395,47,1412.28,DE,2024-01-31,active
187,Customer 187,user187@example.com,+971-58-175-5360,56,3237.96,UAE,2024-02-01,inactive
188,Customer 188,user188@example.com,+971-56-895-1717,48,2507.39,UAE,2024-02-01,active
189,Customer 189,user189@example.com,+971-53-950-6486,35,3986.03,DE,2024-02-01,active
190,Customer 190,user190@example.com,+971-54-168-8266,53,6869.37,UAE,2024-02-01,active
191,Customer 191,user191@example.com,+971-58-990-6588,19,6284.95,UK,2024-02-01,active
192,Customer 192,user192@example.com,+971-53-664-2167,31,3682.72,UK,2024-02-01,active
193,Customer 193,user193@example.com,+971-58-138-3156,30,8640.92,US,2024-02-02,
194,Customer 194,user194@example.com,+971-54-141-6305,46,2818.16,US,2024-02-02,active
195,Customer 195,user195@example.com,invalid,29,11351.28,FR,2024-02-02,inactive
196,Customer 196,user196@example.com,+971-56-497-5729,56,369.74,UAE,2024-02-02,inactive
197,Customer 197,user197@example.com,+971-54-262-6334,19,15467.83,UAE,2024-02-02,
198,Customer 198,user198@example.com,+971-51-850-7731,49,5316.61,FR,2024-02-02,active
199,Customer 199,user199@example.com,+971-58-173-1953,30,2390.78,UK,2024-02-03,suspended
200,Customer 200,,+971-50-352-2542,63,1097.96,UAE,2024-02-03,active
201,Customer 201,user201@example.com,+971-57-269-7938,44,3261.78,DE,2024-02-03,inactive
202,Customer 202,user202@example.com,+971-51-616-7172,66,1081.82,US,2024-02-03,inactive
203,Customer 203,user203@example.com,+971-54-521-2365,58,909.6,DE,2024-02-03,suspended
204,Customer 204,user204@example.com,+971-53-756-9702,34,4803.2,FR,2024-02-03,active
205,Customer 205,user205@example.com,+971-56-316-2324,57,3702.08,UK,2024-02-04,inactive
206,Customer 206,user206@example.com,+971-53-903-4141,48,5544.77,US,2024-02-04,active
207,Customer 207,user207@example.com,+971-52-544-3923,51,13268.23,,2024-02-04,inactive
208,Customer 208,user208@example.com,+971-55-266-5186,77,3799.22,UAE,2024-02-04,
209,Customer 209,user209@example.com,+971-52-138-5268,41,4348.61,FR,2024-02-04,active
210,Customer 210,user210@example.com,invalid,-5,469.5,UAE,2024-02-04,
211,Customer 211,user211@example.com,+971-51-319-4709,62,6322.79,US,2024-02-05,active
212,Customer 212,user212@example.com,+971-53-575-9647,52,2553.34,US,2024-02-05,active
213,Customer 213,user213@example.com,+971-58-100-7530,65,18801.93,,2024-02-05,active
214,Customer 214,user214@example.com,+971-58-290-2531,23,8662.95,,2024-02-05,active
215,Customer 215,user215@example.com,+971-50-508-1823,36,3695.76,UAE,2024-02-05,inactive
216,Customer 216,user216@example.com,+971-50-216-1133,47,657.51,UAE,2024-02-05,active
217,Customer 217,user217@example.com,+971-54-179-6348,24,9809.74,FR,2024-02-06,active
218,Customer 218,user218@example.com,+971-53-326-7190,27,8041.72,US,2024-02-06,
219,Customer 219,user219@example.com,+971-58-404-6645,58,1020.29,UAE,2024-02-06,suspended
220,Customer 220,,+971-50-472-9053,49,1749.76,FR,2024-02-06,suspended
221,Customer 221,user221@example.com,+971-52-755-9662,51,7885.03,UK,2024-02-06,suspended
222,Customer 222,user222@example.com,+971-58-111-2353,45,1024.24,,2024-02-06,inactive
223,Customer 223,user223@example.com,+971-57-457-8575,77,12490.11,UAE,2024-02-07,active
224,Customer 224,user224@example.com,+971-54-107-7819,32,2762.82,US,2024-02-07,active
225,Customer 225,user225@example.com,invalid,47,455.31,UK,2024-02-07,inactive
226,Customer 226,user226@example.com,+971-57-797-8483,54,8457.27,FR,2024-02-07,active
227,Customer 227,user227@example.com,+971-51-639-5964,46,2338.11,UK,2024-02-07,inactive
228,Customer 228,user228@example.com,+971-58-839-4775,39,3738.01,UK,2024-02-07,active
229,Customer 229,user229@example.com,+971-55-244-6320,21,595.63,UAE,2024-02-08,active
230,Customer 230,user230@example.com,+971-50-823-3779,37,12.94,DE,2024-02-08,active
231,Customer 231,user231@example.com,+971-52-352-6713,49,5080.35,US,2024-02-08,inactive
232,Customer 232,user232@example.com,+971-52-355-5804,53,3619.84,UAE,2024-02-08,active
233,Customer 233,user233@example.com,+971-58-549-1009,67,4501.33,FR,2024-02-08,inactive
234,Customer 234,user234@example.com,+971-57-897-8409,21,7893.18,UAE,2024-02-08,active
235,Customer 235,user235@example.com,+971-54-218-2015,44,5200.86,UAE,2024-02-09,active
236,Customer 236,user236@example.com,+971-50-473-3193,34,960.49,DE,2024-02-09,suspended
237,Customer 237,user237@example.com,+971-50-878-8449,29,2237.47,US,2024-02-09,inactive
238,Customer 238,user238@example.com,+971-58-953-7970,39,11816.51,FR,2024-02-09,active
239,Customer 239,user239@example.com,+971-50-560-5000,34,7347.18,UAE,2024-02-09,suspended
240,Customer 240,,invalid,-5,4066.83,FR,2024-02-09,active
241,Customer 241,user241@example.com,+971-51-204-8266,27,1476.19,UAE,2024-02-10,active
242,Customer 242,user242@example.com,+971-50-504-9175,71,1798.11,US,2024-02-10,active
243,Customer 243,user243@example.com,+971-56-617-3000,18,6583.06,,2024-02-10,inactive
244,Customer 244,user244@example.com,+971-54-962-6989,39,9524.9,FR,2024-02-10,inactive
245,Customer 245,user245@example.com,+971-52-536-8190,43,5564.95,US,2024-02-10,active
246,Customer 246,user246@example.com,+971-54-664-5809,73,8291.3,US,2024-02-10,suspended
247,Customer 247,user247@example.com,+971-52-244-8245,76,7276.21,DE,2024-02-11,active
248,Customer 248,user248@example.com,+971-58-977-3048,35,810.85,UK,2024-02-11,active
249,Customer 249,user249@example.com,+971-52-784-1716,67,2757.76,FR,2024-02-11,active
250,Customer 250,user250@example.com,+971-53-545-5544,31,830.18,FR,2024-02-11,active
251,Customer 251,user251@example.com,+971-50-587-4419,64,1340.94,UAE,2024-02-11,active
252,Customer 252,user252@example.com,+971-57-650-1249,46,10172.71,UAE,2024-02-11,active
253,Customer 253,user253@example.com,+971-51-537-1770,29,3201.75,FR,2024-02-12,suspended
254,Customer 254,user254@example.com,+971-51-367-2077,53,3832.44,UAE,2024-02-12,active
255,Customer 255,user255@example.com,invalid,76,982.79,UAE,2024-02-12,active
256,Customer 256,user256@example.com,+971-54-833-5858,52,1871.81,,2024-02-12,active
257,Customer 257,user257@example.com,+971-58-500-5719,69,1308.42,UK,2024-02-12,active
258,Customer 258,user258@example.com,+971-56-306-2252,78,1154.53,FR,2024-02-12,active
259,Customer 259,user259@example.com,+971-54-677-5530,29,5080.01,UK,2024-02-13,inactive
260,Customer 260,,+971-56-521-7881,24,1484.51,UK,2024-02-13,active
261,Customer 261,user261@example.com,+971-55-405-7241,46,4998.57,UAE,2024-02-13,inactive
262,Customer 262,user262@example.com,+971-51-897-8002,28,301.16,US,2024-02-13,suspended
263,Customer 263,user263@example.com,+971-52-546-2331,50,764.44,UAE,2024-02-13,active
264,Customer 264,user264@example.com,+971-58-265-8648,23,1604.75,US,2024-02-13,suspended
265,Customer 265,user265@example.com,+971-57-434-6115,64,4544.68,FR,2024-02-14,active
266,Customer 266,user266@example.com,+971-56-205-8730,32,5632.61,US,2024-02-14,inactive
267,Customer 267,user267@example.com,+971-50-232-5892,49,2923.41,US,2024-02-14,active
268,Customer 268,user268@example.com,+971-53-237-7327,68,2951.07,US,2024-02-14,active
269,Customer 269,user269@example.com,+971-50-429-3832,28,6446.14,UAE,2024-02-14,active
270,Customer 270,user270@example.com,invalid,-5,79.74,US,2024-02-14,active
271,Customer 271,user271@example.com,+971-53-168-8941,75,2085.84,UAE,2024-02-15,active
272,Customer 272,user272@example.com,+971-54-549-5300,40,8538.21,UAE,2024-02-15,active
273,Customer 273,user273@example.com,+971-52-210-1760,43,4621.86,UAE,2024-02-15,active
274,Customer 274,user274@example.com,+971-56-282-7238,51,2056.61,US,2024-02-15,
275,Customer 275,user275@example.com,+971-55-619-9472,63,11797.09,FR,2024-02-15,inactive
276,Customer 276,user276@example.com,+971-52-963-4266,51,7405.72,UAE,2024-02-15,active
277,Customer 277,user277@example.com,+971-51-160-7777,46,1538.71,US,2024-02-16,active
278,Customer 278,user278@example.com,+971-52-502-8956,21,5182.27,UK,2024-02-16,suspended
279,Customer 279,user279@example.com,+971-54-565-5777,34,4528.62,UAE,2024-02-16,suspended
280,Customer 280,,+971-55-504-7981,52,2564.04,DE,2024-02-16,inactive
281,Customer 281,user281@example.com,+971-50-744-7376,30,2286.08,UK,2024-02-16,active
282,Customer 282,user282@example.com,+971-51-177-8240,58,2104.62,US,2024-02-16,active
283,Customer 283,user283@example.com,+971-58-146-6240,56,4800.64,UK,2024-02-17,active
284,Customer 284,user284@example.com,+971-55-338-7493,32,2920.66,UAE,2024-02-17,active
285,Customer 285,user285@example.com,invalid,72,8914.88,UK,2024-02-17,inactive
286,Customer 286,user286@example.com,+971-50-125-2276,46,5537.3,US,2024-02-17,inactive
287,Customer 287,user287@example.com,+971-53-818-1302,46,362.49,DE,2024-02-17,active
288,Customer 288,user288@example.com,+971-57-825-9717,28,5110.59,UAE,2024-02-17,suspended
289,Customer 289,user289@example.com,+971-56-177-1364,69,1581.42,UK,2024-02-18,active
290,Customer 290,user290@example.com,+971-57-982-6126,49,4492.4,UK,2024-02-18,active
291,Customer 291,user291@example.com,+971-52-722-1918,19,5699.23,UAE,2024-02-18,active
292,Customer 292,user292@example.com,+971-51-605-7949,64,1312.21,US,2024-02-18,
293,Customer 293,user293@example.com,+971-52-982-4086,31,3051.93,FR,2024-02-18,active
294,Customer 294,user294@example.com,+971-58-730-9905,37,1055.61,DE,2024-02-18,
295,Customer 295,user295@example.com,+971-56-372-7229,39,268.79,US,2024-02-19,suspended
296,Customer 296,user296@example.com,+971-58-244-4596,28,2377.91,FR,2024-02-19,active
297,Customer 297,user297@example.com,+971-53-124-8561,44,2254.49,,2024-02-19,active
298,Customer 298,user298@example.com,+971-52-332-7371,20,26996.76,DE,2024-02-19,suspended
299,Customer 299,user299@example.com,+971-55-133-8943,34,2956.13,UAE,2024-02-19,active
300,Customer 300,,invalid,-5,2029.1,FR,2024-02-19,
301,Customer 301,user301@example.com,+971-57-468-7891,79,4343.16,US,2024-02-20,
302,Customer 302,user302@example.com,+971-52-653-3472,61,464.79,,2024-02-20,active
303,Customer 303,user303@example.com,+971-54-617-3739,73,16307.06,US,2024-02-20,active
304,Customer 304,user304@example.com,+971-51-542-1876,45,5038.74,UAE,2024-02-20,
305,Customer 305,user305@example.com,+971-55-840-2460,46,7029.18,FR,2024-02-20,inactive
306,Customer 306,user306@example.com,+971-55-376-2733,38,934.53,US,2024-02-20,active
307,Customer 307,user307@example.com,+971-55-602-7767,64,2633.74,,2024-02-21,active
308,Customer 308,user308@example.com,+971-53-449-7986,33,2746.87,,2024-02-21,active
309,Customer 309,user309@example.com,+971-57-922-9434,54,8624.42,FR,2024-02-21,
310,Customer 310,user310@example.com,+971-57-328-6342,76,6.19,UAE,2024-02-21,suspended
311,Customer 311,user311@example.com,+971-55-421-9659,37,1789.47,FR,2024-02-21,inactive
312,Customer 312,user312@example.com,+971-53-946-9837,23,19879.18,UAE,2024-02-21,active
313,Customer 313,user313@example.com,+971-55-980-3551,36,3220.7,UAE,2024-02-22,active
314,Customer 314,user314@example.com,+971-55-673-6560,74,2410.59,DE,2024-02-22,suspended
315,Customer 315,user315@example.com,invalid,22,638.2,UAE,2024-02-22,active
316,Customer 316,user316@example.com,+971-51-946-7316,20,18280.05,US,2024-02-22,active
317,Customer 317,user317@example.com,+971-54-425-9915,76,101.15,,2024-02-22,active
318,Customer 318,user318@example.com,+971-50-631-5208,18,6681.43,US,2024-02-22,inactive
319,Customer 319,user319@example.com,+971-50-189-2828,75,7318.03,UAE,2024-02-23,
320,Customer 320,,+971-53-944-3026,77,1396.3,,2024-02-23,active
321,Customer 321,user321@example.com,+971-52-772-1009,55,5566.98,UAE,2024-02-23,active
322,Customer 322,user322@example.com,+971-54-749-3219,32,487.67,FR,2024-02-23,inactive
323,Customer 323,user323@example.com,+971-51-112-6287,51,1485.61,,2024-02-23,
324,Customer 324,user324@example.com,+971-51-695-9512,78,7753.53,,2024-02-23,active
325,Customer 325,user325@example.com,+971-54-428-3832,52,10000.79,FR,2024-02-24,active
326,Customer 326,user326@example.com,+971-58-649-4490,66,4688.68,US,2024-02-24,active
327,Customer 327,user327@example.com,+971-50-680-1235,42,3534.59,UAE,2024-02-24,suspended
328,Customer 328,user328@example.com,+971-51-433-2908,41,867.63,DE,2024-02-24,active
329,Customer 329,user329@example.com,+971-57-558-6256,29,325.94,DE,2024-02-24,active
330,Customer 330,user330@example.com,invalid,-5,625.83,UK,2024-02-24,inactive
331,Customer 331,user331@example.com,+971-51-687-9162,35,1289.69,UAE,2024-02-25,inactive
332,Customer 332,user332@example.com,+971-52-612-6415,32,2090.28,UAE,2024-02-25,active
333,Customer 333,user333@example.com,+971-55-671-6951,61,2397.52,UAE,2024-02-25,suspended
334,Customer 334,user334@example.com,+971-57-878-7413,33,2125.7,FR,2024-02-25,active
335,Customer 335,user335@example.com,+971-52-824-3898,44,1365.97,US,2024-02-25,active
336,Customer 336,user336@example.com,+971-53-700-2065,25,3563.94,,2024-02-25,active
337,Customer 337,user337@example.com,+971-58-501-7943,77,8723.03,FR,2024-02-26,inactive
338,Customer 338,user338@example.com,+971-52-736-7565,63,1640.46,UAE,2024-02-26,active
339,Customer 339,user339@example.com,+971-50-122-5670,42,14270.04,UK,2024-02-26,suspended
340,Customer 340,,+971-50-764-3192,34,10331.11,US,2024-02-26,inactive
341,Customer 341,user341@example.com,+971-50-602-5033,46,882.28,UK,2024-02-26,inactive
342,Customer 342,user342@example.com,+971-54-715-5018,70,7715.35,FR,2024-02-26,inactive
343,Customer 343,user343@example.com,+971-56-297-6765,25,4273.48,DE,2024-02-27,inactive
344,Customer 344,user344@example.com,+971-52-490-2202,32,4180.19,DE,2024-02-27,active
345,Customer 345,user345@example.com,invalid,44,2480.04,UAE,2024-02-27,active
346,Customer 346,user346@example.com,+971-57-653-6567,63,3477.28,UAE,2024-02-27,
347,Customer 347,user347@example.com,+971-53-114-6742,67,2530.67,FR,2024-02-27,active
348,Customer 348,user348@example.com,+971-50-577-1922,69,3879.74,UAE,2024-02-27,inactive
349,Customer 349,user349@example.com,+971-53-256-2120,24,4943.64,US,2024-02-28,
350,Customer 350,user350@example.com,+971-54-510-1950,20,5608.95,UAE,2024-02-28,active
351,Customer 351,user351@example.com,+971-50-353-3243,46,3801.58,FR,2024-02-28,inactive
352,Customer 352,user352@example.com,+971-55-933-5612,61,6390.29,UAE,2024-02-28,active
353,Customer 353,user353@example.com,+971-50-217-7028,70,761.55,FR,2024-02-28,active
354,Customer 354,user354@example.com,+971-53-976-7359,41,1191.17,,2024-02-28,active
355,Customer 355,user355@example.com,+971-53-795-4228,77,8538.98,UAE,2024-02-29,active
356,Customer 356,user356@example.com,+971-57-360-3371,75,1946.94,UAE,2024-02-29,inactive
357,Customer 357,user357@example.com,+971-51-510-1094,20,115.8,US,2024-02-29,suspended
358,Customer 358,user358@example.com,+971-52-854-1793,37,834.95,DE,2024-02-29,inactive
359,Customer 359,user359@example.com,+971-54-759-7166,63,1265.53,UAE,2024-02-29,active
360,Customer 360,,invalid,-5,15770.46,US,2024-02-29,active
361,Customer 361,user361@example.com,+971-57-309-1984,32,4255.34,UAE,2024-03-01,inactive
362,Customer 362,user362@example.com,+971-50-722-1827,42,13495.26,FR,2024-03-01,active
363,Customer 363,user363@example.com,+971-53-423-4876,47,4280.25,US,2024-03-01,
364,Customer 364,user364@example.com,+971-57-226-4177,31,3263.43,FR,2024-03-01,suspended
365,Customer 365,user365@example.com,+971-50-703-7024,24,1882.4,,2024-03-01,inactive
366,Customer 366,user366@example.com,+971-55-150-8196,34,4661.73,UAE,2024-03-01,
367,Customer 367,user367@example.com,+971-57-396-4797,79,749.45,DE,2024-03-02,active
368,Customer 368,user368@example.com,+971-56-868-6732,61,11426.75,UAE,2024-03-02,inactive
369,Customer 369,user369@example.com,+971-54-445-2645,37,8840.19,DE,2024-03-02,active
370,Customer 370,user370@example.com,+971-53-281-4030,53,1910.19,FR,2024-03-02,
371,Customer 371,user371@example.com,+971-58-100-2854,26,15266.55,DE,2024-03-02,active
372,Customer 372,user372@example.com,+971-55-666-7514,55,8720.59,UAE,2024-03-02,inactive
373,Customer 373,user373@example.com,+971-57-760-8112,65,5487.67,UAE,2024-03-03,suspended
374,Customer 374,user374@example.com,+971-54-236-9393,74,649.19,US,2024-03-03,active
375,Customer 375,user375@example.com,invalid,77,3252.68,US,2024-03-03,active
376,Customer 376,user376@example.com,+971-53-412-5212,39,3527.19,UAE,2024-03-03,inactive
377,Customer 377,user377@example.com,+971-58-902-9766,71,1323.42,US,2024-03-03,active
378,Customer 378,user378@example.com,+971-53-636-2625,70,416.72,UAE,2024-03-03,active
379,Customer 379,user379@example.com,+971-55-485-9070,70,7496.72,US,2024-03-04,active
380,Customer 380,,+971-51-574-9609,19,650.74,DE,2024-03-04,active
381,Customer 381,user381@example.com,+971-50-739-5971,41,4510.59,US,2024-03-04,suspended
382,Customer 382,user382@example.com,+971-52-281-2990,25,13779.58,UAE,2024-03-04,active
383,Customer 383,user383@example.com,+971-53-809-4572,28,10441.61,US,2024-03-04,active
384,Customer 384,user384@example.com,+971-57-260-7320,30,1626.94,UAE,2024-03-04,active
385,Customer 385,user385@example.com,+971-55-765-6588,34,9534.12,,2024-03-05,active
386,Customer 386,user386@example.com,+971-50-948-4432,25,1.66,UAE,2024-03-05,active
387,Customer 387,user387@example.com,+971-50-247-4701,38,89.23,FR,2024-03-05,active
388,Customer 388,user388@example.com,+971-55-575-6182,35,4613.47,,2024-03-05,active
389,Customer 389,user389@example.com,+971-57-660-5422,47,2269.06,DE,2024-03-05,active
390,Customer 390,user390@example.com,invalid,-5,2442.56,FR,2024-03-05,inactive
391,Customer 391,user391@example.com,+971-50-835-3482,35,4155.63,DE,2024-03-06,active
392,Customer 392,user392@example.com,+971-57-822-3079,63,1064.62,,2024-03-06,inactive
393,Customer 393,user393@example.com,+971-50-528-9477,64,1189.73,UK,2024-03-06,active
394,Customer 394,user394@example.com,+971-57-118-3065,48,3314.08,UK,2024-03-06,active
395,Customer 395,user395@example.com,+971-50-689-6490,55,7017.27,UK,2024-03-06,inactive
396,Customer 396,user396@example.com,+971-51-293-7645,49,4831.32,UK,2024-03-06,active
397,Customer 397,user397@example.com,+971-50-213-6797,28,1764.52,UK,2024-03-07,suspended
398,Customer 398,user398@example.com,+971-52-930-7016,62,2813.55,US,2024-03-07,inactive
399,Customer 399,user399@example.com,+971-57-154-9038,42,935.65,UAE,2024-03-07,active
400,Customer 400,,+971-52-899-5873,50,387.81,UAE,2024-03-07,suspended
401,Customer 401,user401@example.com,+971-52-977-7305,77,7632.29,UAE,2024-03-07,inactive
402,Customer 402,user402@example.com,+971-50-186-1054,55,1542.06,UAE,2024-03-07,active
403,Customer 403,user403@example.com,+971-51-490-1832,58,978.65,UAE,2024-03-08,active
404,Customer 404,user404@example.com,+971-58-858-6954,25,5882.08,UK,2024-03-08,active
405,Customer 405,user405@example.com,invalid,28,4812.35,UAE,2024-03-08,suspended
406,Customer 406,user406@example.com,+971-57-542-9519,39,5014.55,DE,2024-03-08,inactive
407,Customer 407,user407@example.com,+971-55-860-4310,68,1299.65,UAE,2024-03-08,
408,Customer 408,user408@example.com,+971-54-678-8218,41,1324.03,UAE,2024-03-08,inactive
409,Customer 409,user409@example.com,+971-50-703-4054,58,1247.45,FR,2024-03-09,active
410,Customer 410,user410@example.com,+971-57-517-8970,34,954.31,UK,2024-03-09,active
411,Customer 411,user411@example.com,+971-57-177-3538,29,5331.55,UAE,2024-03-09,inactive
412,Customer 412,user412@example.com,+971-53-599-9356,74,9419.9,DE,2024-03-09,active
413,Customer 413,user413@example.com,+971-55-568-6005,63,6442.53,DE,2024-03-09,
414,Customer 414,user414@example.com,+971-56-106-5425,49,7853.34,US,2024-03-09,active
415,Customer 415,user415@example.com,+971-56-772-3198,32,2594.28,US,2024-03-10,active
416,Customer 416,user416@example.com,+971-54-246-4695,33,5307.68,,2024-03-10,inactive
417,Customer 417,user417@example.com,+971-52-647-2308,71,2186.61,UK,2024-03-10,inactive
418,Customer 418,user418@example.com,+971-51-613-7852,39,3727.52,UK,2024-03-10,active
419,Customer 419,user419@example.com,+971-53-622-5841,45,3285.38,DE,2024-03-10,inactive
420,Customer 420,,invalid,-5,973.31,UAE,2024-03-10,active
421,Customer 421,user421@example.com,+971-51-806-5566,37,2447.59,US,2024-03-11,inactive
422,Customer 422,user422@example.com,+971-56-495-2555,50,16596.56,UAE,2024-03-11,inactive
423,Customer 423,user423@example.com,+971-54-904-2279,27,1428.95,FR,2024-03-11,suspended
424,Customer 424,user424@example.com,+971-58-325-8083,57,718.22,UK,2024-03-11,suspended
425,Customer 425,user425@example.com,+971-52-599-2387,49,2711.41,FR,2024-03-11,active
426,Customer 426,user426@example.com,+971-57-692-3679,67,7811.29,UAE,2024-03-11,active
427,Customer 427,user427@example.com,+971-56-227-5831,77,4363.14,UAE,2024-03-12,
428,Customer 428,user428@example.com,+971-50-981-4186,50,5712.43,US,2024-03-12,active
429,Customer 429,user429@example.com,+971-50-625-3599,19,1051.72,FR,2024-03-12,
430,Customer 430,user430@example.com,+971-51-336-2304,50,4824.1,UK,2024-03-12,active
431,Customer 431,user431@example.com,+971-56-300-6877,50,1954.12,UAE,2024-03-12,inactive
432,Customer 432,user432@example.com,+971-55-334-3541,58,8987.98,DE,2024-03-12,suspended
433,Customer 433,user433@example.com,+971-53-765-9633,30,4961.79,UAE,2024-03-13,
434,Customer 434,user434@example.com,+971-51-826-9996,47,1108.57,,2024-03-13,active
435,Customer 435,user435@example.com,invalid,50,333.99,UAE,2024-03-13,inactive
436,Customer 436,user436@example.com,+971-55-245-6475,30,217.84,FR,2024-03-13,active
437,Customer 437,user437@example.com,+971-58-133-8184,69,2321.37,UAE,2024-03-13,active
438,Customer 438,user438@example.com,+971-54-252-8141,43,1545.22,,2024-03-13,inactive
439,Customer 439,user439@example.com,+971-56-728-9041,39,5193.56,US,2024-03-14,inactive
440,Customer 440,,+971-55-126-8992,56,3459.08,UAE,2024-03-14,
441,Customer 441,user441@example.com,+971-55-830-5263,19,1546.36,US,2024-03-14,active
442,Customer 442,user442@example.com,+971-51-367-7136,55,808.11,UAE,2024-03-14,active
443,Customer 443,user443@example.com,+971-54-554-3969,56,680.24,UAE,2024-03-14,active
444,Customer 444,user444@example.com,+971-54-575-3681,43,9999.84,,2024-03-14,active
445,Customer 445,user445@example.com,+971-51-921-2386,63,1395.12,US,2024-03-15,active
446,Customer 446,user446@example.com,+971-50-918-5788,75,5273.61,FR,2024-03-15,inactive
447,Customer 447,user447@example.com,+971-53-470-5124,67,8321.74,UK,2024-03-15,active
448,Customer 448,user448@example.com,+971-54-878-6415,32,4760.64,FR,2024-03-15,
449,Customer 449,user449@example.com,+971-53-212-9378,51,9815.06,UAE,2024-03-15,
450,Customer 450,user450@example.com,invalid,-5,2491.14,UAE,2024-03-15,inactive
451,Customer 451,user451@example.com,+971-56-843-2333,59,15643.14,FR,2024-03-16,
452,Customer 452,user452@example.com,+971-51-154-7766,72,714.42,,2024-03-16,inactive
453,Customer 453,user453@example.com,+971-57-857-7212,61,538.76,UAE,2024-03-16,active
454,Customer 454,user454@example.com,+971-57-388-8715,66,5374.85,UAE,2024-03-16,active
455,Customer 455,user455@example.com,+971-53-566-2762,57,14308.73,US,2024-03-16,active
456,Customer 456,user456@example.com,+971-53-590-8101,28,8274.36,,2024-03-16,active
457,Customer 457,user457@example.com,+971-51-300-1153,78,397.47,UAE,2024-03-17,suspended
458,Customer 458,user458@example.com,+971-51-600-3120,20,1638.13,US,2024-03-17,active
459,Customer 459,user459@example.com,+971-58-395-6136,76,13319.13,DE,2024-03-17,suspended
460,Customer 460,,+971-50-316-1060,23,1458.84,UAE,2024-03-17,inactive
461,Customer 461,user461@example.com,+971-57-141-8970,26,7597.31,UAE,2024-03-17,active
462,Customer 462,user462@example.com,+971-52-597-2252,23,8718.62,UK,2024-03-17,
463,Customer 463,user463@example.com,+971-52-577-5197,26,3420.46,,2024-03-18,active
464,Customer 464,user464@example.com,+971-51-623-3322,56,2441.64,UAE,2024-03-18,active
465,Customer 465,user465@example.com,invalid,48,2990.32,US,2024-03-18,inactive
466,Customer 466,user466@example.com,+971-54-143-5090,49,1287.15,US,2024-03-18,active
467,Customer 467,user467@example.com,+971-50-116-1329,58,11008.77,US,2024-03-18,inactive
468,Customer 468,user468@example.com,+971-58-922-8982,67,2994.82,UK,2024-03-18,active
469,Customer 469,user469@example.com,+971-57-438-6895,29,10704.86,US,2024-03-19,active
470,Customer 470,user470@example.com,+971-54-180-2750,25,558.53,US,2024-03-19,
471,Customer 471,user471@example.com,+971-54-473-8119,25,22230.28,US,2024-03-19,active
472,Customer 472,user472@example.com,+971-55-299-7609,67,2928.4,UK,2024-03-19,active
473,Customer 473,user473@example.com,+971-58-367-4993,45,245.06,UK,2024-03-19,active
474,Customer 474,user474@example.com,+971-58-976-9238,79,193.82,DE,2024-03-19,
475,Customer 475,user475@example.com,+971-56-500-6913,37,6856.19,UAE,2024-03-20,active
476,Customer 476,user476@example.com,+971-54-185-1390,79,5379.89,DE,2024-03-20,active
477,Customer 477,user477@example.com,+971-54-618-5232,64,8100.74,DE,2024-03-20,active
478,Customer 478,user478@example.com,+971-52-787-9007,76,556.71,UAE,2024-03-20,active
479,Customer 479,user479@example.com,+971-51-926-2500,24,181.09,US,2024-03-20,suspended
480,Customer 480,,invalid,-5,3552.27,US,2024-03-20,inactive
481,Customer 481,user481@example.com,+971-51-322-6085,28,2451.81,UAE,2024-03-21,active
482,Customer 482,user482@example.com,+971-53-501-2466,37,3098.99,US,2024-03-21,inactive
483,Customer 483,user483@example.com,+971-56-372-8693,33,23890.72,UAE,2024-03-21,active
484,Customer 484,user484@example.com,+971-57-719-8980,21,17659.37,UAE,2024-03-21,
485,Customer 485,user485@example.com,+971-51-230-3983,23,14263.82,DE,2024-03-21,
486,Customer 486,user486@example.com,+971-56-463-9230,75,7658.74,UAE,2024-03-21,active
487,Customer 487,user487@example.com,+971-57-596-6468,39,2191.3,DE,2024-03-22,suspended
488,Customer 488,user488@example.com,+971-55-496-9684,43,2656.26,UK,2024-03-22,inactive
489,Customer 489,user489@example.com,+971-51-410-9930,20,3988.27,DE,2024-03-22,active
490,Customer 490,user490@example.com,+971-51-513-5346,58,8875.53,UK,2024-03-22,active
491,Customer 491,user491@example.com,+971-56-880-4810,77,355.94,UAE,2024-03-22,active
492,Customer 492,user492@example.com,+971-56-913-3032,59,2760.82,FR,2024-03-22,inactive
493,Customer 493,user493@example.com,+971-54-847-1271,31,431.15,UAE,2024-03-23,
494,Customer 494,user494@example.com,+971-57-847-5361,28,3614.5,US,2024-03-23,inactive
495,Customer 495,user495@example.com,invalid,35,11458.27,,2024-03-23,suspended
496,Customer 496,user496@example.com,+971-58-458-5435,71,7627.44,UAE,2024-03-23,inactive
497,Customer 497,user497@example.com,+971-54-676-4760,29,1292.83,US,2024-03-23,suspended
498,Customer 498,user498@example.com,+971-52-528-2165,40,18646.6,FR,2024-03-23,inactive
499,Customer 499,user499@example.com,+971-57-769-3033,29,5503.33,DE,2024-03-24,active
500,Customer 500,,+971-53-245-5388,30,52.41,FR,2024-03-24,active
